,objects
IMG_8599_MOV-3_jpg.rf.6e45d09d7a960ae18ec1eae881a000c9.jpg,"['jellyfish', 'jellyfish', 'jellyfish', 'jellyfish']"
IMG_2630_jpeg_jpg.rf.f34b0a20c9a94d1da2d19fb1ec1b86af.jpg,"['fish', 'fish', 'stingray']"
IMG_2434_jpeg_jpg.rf.6388f84491e3a91b442c85f3f4c326c3.jpg,"['shark', 'fish', 'fish']"
IMG_8404_jpg.rf.3043f4aaeabff913d5fe30286359a8a4.jpg,"['fish', 'shark', 'fish', 'fish', 'fish', 'fish', 'fish', 'fish', 'fish', 'stingray']"
IMG_3173_jpeg_jpg.rf.e7f25511eb5e01f409939583c4b8d025.jpg,"['penguin', 'penguin', 'penguin', 'penguin', 'penguin', 'penguin', 'penguin', 'penguin', 'penguin']"
IMG_2354_jpeg_jpg.rf.dc4d3b043a503c35d3a65a7f6104b780.jpg,"['penguin', 'penguin', 'penguin', 'penguin', 'penguin']"
IMG_2477_jpeg_jpg.rf.b0729369d1b6ba81e313b69595c8e817.jpg,"['jellyfish', 'jellyfish', 'jellyfish', 'jellyfish', 'jellyfish', 'jellyfish']"
IMG_2499_jpeg_jpg.rf.74360496624edeaea0c57d992182673b.jpg,"['fish', 'fish', 'fish', 'shark']"
IMG_2514_jpeg_jpg.rf.e56b0ab369dd9d14ac83313638cbe0d6.jpg,"['shark', 'shark']"
IMG_2448_jpeg_jpg.rf.99e9c2b2206edf396d19e293902987bd.jpg,"['fish', 'fish', 'fish', 'shark', 'shark', 'fish', 'fish', 'fish', 'shark', 'fish', 'fish', 'fish']"
IMG_8513_MOV-0_jpg.rf.6aa2db1f0ce0c2f6695f51baaa4adf2f.jpg,"['fish', 'fish', 'fish', 'stingray']"
IMG_2466_jpeg_jpg.rf.7c843dfa34a14ea9b83a34ada69a2545.jpg,"['jellyfish', 'jellyfish', 'jellyfish', 'jellyfish', 'jellyfish', 'jellyfish']"
IMG_2446_jpeg_jpg.rf.335d5aaf2f1d8abbcc8ba7a677d76bda.jpg,"['fish', 'fish', 'fish', 'fish', 'shark', 'fish']"
IMG_8331_jpg.rf.da57c92e56e7c7ace9291e8734f17745.jpg,"['fish', 'fish']"
IMG_2574_jpeg_jpg.rf.244f8f592b31d1101e7fa7cc185fa0ac.jpg,"['jellyfish', 'jellyfish', 'jellyfish', 'jellyfish', 'jellyfish', 'jellyfish', 'jellyfish', 'jellyfish', 'jellyfish', 'jellyfish', 'jellyfish', 'jellyfish', 'jellyfish', 'jellyfish']"
IMG_2496_jpeg_jpg.rf.5365578f1e4160d2f8879539b5899c1e.jpg,"['fish', 'fish', 'fish', 'stingray', 'fish', 'shark', 'fish', 'shark', 'shark']"
IMG_2387_jpeg_jpg.rf.01d014272fe39b77509d29ebcacd4bfb.jpg,['starfish']
IMG_2632_jpeg_jpg.rf.de4855206b0a42370348e37beea4c7b9.jpg,"['fish', 'stingray', 'stingray', 'stingray', 'stingray', 'fish']"
IMG_2532_jpeg_jpg.rf.9d7c837c79a61047baa21fe8af7ec43d.jpg,"['starfish', 'starfish']"
IMG_2651_jpeg_jpg.rf.424be93d56e096f3745541ff5ac61af8.jpg,['stingray']
IMG_2379_jpeg_jpg.rf.90ed66084f120349d6f8a6c171917fe5.jpg,['fish']
IMG_2526_jpeg_jpg.rf.1cc0aafeca5fad85945e9187fdfad139.jpg,"['puffin', 'puffin', 'puffin', 'puffin', 'puffin']"
IMG_2468_jpeg_jpg.rf.842e17f8215de514f68936f23e7d9089.jpg,"['jellyfish', 'jellyfish', 'jellyfish', 'jellyfish', 'jellyfish', 'jellyfish', 'jellyfish']"
IMG_2395_jpeg_jpg.rf.ad98fc2166772c7d2e0c506e88cdf103.jpg,"['fish', 'fish', 'fish', 'fish', 'fish']"
IMG_2450_jpeg_jpg.rf.4ce71206385976ef0d868b19df9b6fc6.jpg,"['fish', 'fish', 'fish', 'fish', 'fish', 'fish', 'fish', 'fish', 'fish', 'fish', 'fish', 'fish', 'fish', 'shark', 'fish', 'fish']"
IMG_8452_jpg.rf.d0706b4a46b04a8476a4776f0f5aa39c.jpg,"['fish', 'fish', 'fish', 'fish', 'fish', 'fish', 'fish', 'fish', 'fish', 'fish', 'fish', 'fish', 'fish', 'fish', 'fish', 'fish', 'fish', 'fish', 'fish', 'fish', 'fish', 'fish', 'fish', 'fish', 'fish', 'fish', 'fish', 'fish', 'fish', 'fish']"
IMG_8590_MOV-2_jpg.rf.2555546d35bca7e6583e993f75116b6f.jpg,"['jellyfish', 'jellyfish']"
IMG_8343_jpg.rf.d7e802e6b60c708062c9e0d48496c6ce.jpg,"['fish', 'fish']"
IMG_8396_jpg.rf.0c1bbcff9c979ade8a1487a12ffb22f8.jpg,"['fish', 'fish', 'fish', 'fish', 'fish', 'shark', 'shark', 'shark', 'shark']"
IMG_8497_MOV-3_jpg.rf.1baa140ebe66d9db85c58d92ca183ef5.jpg,"['fish', 'fish']"
IMG_8515_jpg.rf.1eb5e63c099d9ccbecf42501a115738e.jpg,"['fish', 'fish', 'fish', 'fish', 'fish']"
IMG_2380_jpeg_jpg.rf.22a5cc5cdea6b487dc29f3c4b6b43202.jpg,"['fish', 'fish']"
IMG_8395_jpg.rf.e44dcc9256d9e7fa1104293607d8e3d4.jpg,"['fish', 'fish', 'fish', 'fish', 'shark', 'fish', 'shark', 'shark', 'shark']"
IMG_8595_MOV-0_jpg.rf.1dbbe8261ba8f3574b62737f4988025d.jpg,"['jellyfish', 'jellyfish', 'jellyfish', 'jellyfish', 'jellyfish', 'jellyfish', 'jellyfish', 'jellyfish', 'jellyfish', 'jellyfish', 'jellyfish', 'jellyfish', 'jellyfish', 'jellyfish', 'jellyfish', 'jellyfish', 'jellyfish', 'jellyfish', 'jellyfish', 'jellyfish', 'jellyfish', 'jellyfish', 'jellyfish', 'jellyfish', 'jellyfish', 'jellyfish', 'jellyfish', 'jellyfish', 'jellyfish', 'jellyfish', 'jellyfish', 'jellyfish', 'jellyfish', 'jellyfish', 'jellyfish', 'jellyfish']"
IMG_2570_jpeg_jpg.rf.cb43d0789c5ef5c53becb7d35f62d106.jpg,"['fish', 'shark', 'fish', 'fish', 'fish', 'fish', 'fish', 'fish', 'fish', 'shark', 'fish', 'shark']"
IMG_2473_jpeg_jpg.rf.37c98f7a9ae8206881102bb6329b64be.jpg,"['jellyfish', 'jellyfish', 'jellyfish', 'jellyfish']"
IMG_2289_jpeg_jpg.rf.3685b6f97989ea52dbe7a411ba4440f5.jpg,['puffin']
IMG_3144_jpeg_jpg.rf.67ee9a012488f2595ccdf6c019c1c67e.jpg,"['puffin', 'puffin']"
IMG_2423_jpeg_jpg.rf.8f9fac87d3d50f171037d6c8403e7e65.jpg,"['fish', 'fish', 'fish', 'fish', 'fish', 'fish', 'fish', 'fish', 'fish', 'fish', 'fish', 'shark', 'fish', 'fish', 'fish', 'shark']"
IMG_2371_jpeg_jpg.rf.4bcefda11a093425253e9ff8567a4bca.jpg,"['fish', 'fish', 'fish']"
IMG_8420_jpg.rf.9609a4b07563fee4242581be0862dc82.jpg,"['fish', 'fish', 'fish', 'fish', 'fish', 'fish', 'fish', 'fish', 'fish', 'fish', 'fish', 'fish', 'fish', 'fish']"
IMG_3136_jpeg_jpg.rf.24601e547a7656e1be2b3cd9e80fb1d7.jpg,"['puffin', 'puffin', 'puffin', 'puffin', 'puffin', 'puffin', 'puffin', 'puffin']"
IMG_8582_MOV-0_jpg.rf.43af9cb2046f7adfd7f4f3bf3f1de198.jpg,"['fish', 'fish', 'stingray', 'fish', 'fish', 'fish']"
IMG_8497_MOV-5_jpg.rf.fba488779e4f56f5ba1a9358518625ad.jpg,"['fish', 'fish', 'fish', 'fish', 'fish', 'fish']"
IMG_3164_jpeg_jpg.rf.9a24d4c19ff7b9ff66a9d8194630af36.jpg,"['penguin', 'penguin', 'penguin', 'penguin', 'penguin', 'penguin', 'penguin', 'penguin', 'penguin', 'penguin', 'penguin']"
IMG_3134_jpeg_jpg.rf.b6b26aecfe76396170a02a93812a0741.jpg,"['puffin', 'puffin', 'puffin', 'puffin']"
IMG_2301_jpeg_jpg.rf.25b91e7c1edea2c699158c7033636352.jpg,"['penguin', 'penguin', 'penguin', 'penguin', 'penguin', 'penguin', 'penguin', 'penguin', 'penguin', 'penguin', 'penguin', 'penguin', 'penguin']"
IMG_2547_jpeg_jpg.rf.854444caa6d0fe821bf4fc595efe404f.jpg,['starfish']
IMG_2582_jpeg_jpg.rf.3e5b754c125118d9f93f734e5665dd5d.jpg,"['fish', 'shark', 'fish', 'fish', 'shark', 'fish', 'stingray', 'fish']"
IMG_2470_jpeg_jpg.rf.06b60ea1108d310ca5630c439ca17c51.jpg,"['jellyfish', 'jellyfish', 'jellyfish', 'jellyfish', 'jellyfish', 'jellyfish', 'jellyfish', 'jellyfish', 'jellyfish', 'jellyfish', 'jellyfish', 'jellyfish', 'jellyfish', 'jellyfish', 'jellyfish', 'jellyfish', 'jellyfish']"
IMG_8490_jpg.rf.063b1ca3f7f808b9161a95983c015432.jpg,"['jellyfish', 'jellyfish', 'jellyfish', 'jellyfish', 'jellyfish', 'jellyfish', 'jellyfish', 'jellyfish', 'jellyfish', 'jellyfish', 'jellyfish', 'jellyfish', 'jellyfish', 'jellyfish', 'jellyfish', 'jellyfish', 'jellyfish', 'jellyfish', 'jellyfish', 'jellyfish', 'jellyfish', 'jellyfish', 'jellyfish', 'jellyfish', 'jellyfish', 'jellyfish', 'jellyfish', 'jellyfish', 'jellyfish', 'jellyfish']"
IMG_3175_jpeg_jpg.rf.0b560f01febd28bae4ef703b12bb88f2.jpg,"['penguin', 'penguin', 'penguin', 'penguin', 'penguin', 'penguin', 'penguin', 'penguin', 'penguin', 'penguin']"
IMG_3129_jpeg_jpg.rf.cc7ffca67d3a92818440295fefa83003.jpg,"['starfish', 'starfish']"
IMG_8497_MOV-0_jpg.rf.2eb8d0c16fff0c1d4f3deba444895745.jpg,"['fish', 'fish', 'fish', 'fish', 'fish', 'fish', 'fish']"
IMG_2347_jpeg_jpg.rf.77bb6717cb7308acaad1037b05a5688c.jpg,"['penguin', 'penguin']"
IMG_2319_jpeg_jpg.rf.395fcdae3f710fbbea98dbf70fbb8a30.jpg,"['penguin', 'penguin', 'penguin', 'penguin', 'penguin', 'penguin']"
IMG_2544_jpeg_jpg.rf.14474973d6a82ff34de0696ac9aaf1b9.jpg,"['starfish', 'starfish', 'starfish']"
IMG_2588_jpeg_jpg.rf.45e6430b1b4a37c8d4aecbacd7a84e02.jpg,"['stingray', 'stingray', 'stingray']"
IMG_2465_jpeg_jpg.rf.ca9efcaa726f47c7471958a63cf68fd6.jpg,"['jellyfish', 'jellyfish', 'jellyfish', 'jellyfish', 'jellyfish', 'jellyfish', 'jellyfish', 'jellyfish', 'jellyfish', 'jellyfish', 'jellyfish', 'jellyfish', 'jellyfish', 'jellyfish', 'jellyfish', 'jellyfish', 'jellyfish']"
IMG_3154_jpeg_jpg.rf.15b4b7d24d2462197f44c53844838231.jpg,['puffin']
IMG_8582_MOV-5_jpg.rf.7c7dc7c7072c2bdcea9db8fdb4c27d75.jpg,"['fish', 'fish', 'fish', 'fish', 'fish', 'stingray', 'fish']"
